<annotation><folder>OXIIIT</folder><filename>american_pit_bull_terrier_165.jpg</filename><source><database>OXFORD-IIIT Pet Dataset</database><annotation>OXIIIT</annotation><image>flickr</image></source><size><width>300</width><height>225</height><depth>3</depth></size><segmented>0</segmented><object><name>dog</name><pose>Frontal</pose><truncated>0</truncated><occluded>0</occluded><bndbox><xmin>115</xmin><ymin>9</ymin><xmax>267</xmax><ymax>170</ymax></bndbox><difficult>0</difficult></object></annotation>
