<annotation><folder>OXIIIT</folder><filename>american_pit_bull_terrier_171.jpg</filename><source><database>OXFORD-IIIT Pet Dataset</database><annotation>OXIIIT</annotation><image>flickr</image></source><size><width>300</width><height>240</height><depth>3</depth></size><segmented>0</segmented><object><name>dog</name><pose>Frontal</pose><truncated>0</truncated><occluded>0</occluded><bndbox><xmin>171</xmin><ymin>75</ymin><xmax>259</xmax><ymax>189</ymax></bndbox><difficult>0</difficult></object></annotation>
