<annotation><folder>OXIIIT</folder><filename>american_pit_bull_terrier_164.jpg</filename><source><database>OXFORD-IIIT Pet Dataset</database><annotation>OXIIIT</annotation><image>flickr</image></source><size><width>225</width><height>300</height><depth>3</depth></size><segmented>0</segmented><object><name>dog</name><pose>Frontal</pose><truncated>0</truncated><occluded>0</occluded><bndbox><xmin>83</xmin><ymin>35</ymin><xmax>214</xmax><ymax>196</ymax></bndbox><difficult>0</difficult></object></annotation>
