<annotation><folder>OXIIIT</folder><filename>american_pit_bull_terrier_172.jpg</filename><source><database>OXFORD-IIIT Pet Dataset</database><annotation>OXIIIT</annotation><image>flickr</image></source><size><width>239</width><height>300</height><depth>3</depth></size><segmented>0</segmented><object><name>dog</name><pose>Frontal</pose><truncated>0</truncated><occluded>0</occluded><bndbox><xmin>47</xmin><ymin>103</ymin><xmax>198</xmax><ymax>224</ymax></bndbox><difficult>0</difficult></object></annotation>
