<annotation><folder>OXIIIT</folder><filename>american_pit_bull_terrier_160.jpg</filename><source><database>OXFORD-IIIT Pet Dataset</database><annotation>OXIIIT</annotation><image>flickr</image></source><size><width>300</width><height>280</height><depth>3</depth></size><segmented>0</segmented><object><name>dog</name><pose>Frontal</pose><truncated>0</truncated><occluded>0</occluded><bndbox><xmin>21</xmin><ymin>16</ymin><xmax>251</xmax><ymax>221</ymax></bndbox><difficult>0</difficult></object></annotation>
