<annotation><folder>OXIIIT</folder><filename>British_Shorthair_177.jpg</filename><source><database>OXFORD-IIIT Pet Dataset</database><annotation>OXIIIT</annotation><image>flickr</image></source><size><width>500</width><height>333</height><depth>3</depth></size><segmented>0</segmented><object><name>cat</name><pose>Frontal</pose><truncated>0</truncated><occluded>0</occluded><bndbox><xmin>201</xmin><ymin>22</ymin><xmax>314</xmax><ymax>136</ymax></bndbox><difficult>0</difficult></object></annotation>
