<annotation><folder>OXIIIT</folder><filename>British_Shorthair_174.jpg</filename><source><database>OXFORD-IIIT Pet Dataset</database><annotation>OXIIIT</annotation><image>flickr</image></source><size><width>500</width><height>375</height><depth>3</depth></size><segmented>0</segmented><object><name>cat</name><pose>Frontal</pose><truncated>0</truncated><occluded>0</occluded><bndbox><xmin>134</xmin><ymin>79</ymin><xmax>297</xmax><ymax>234</ymax></bndbox><difficult>0</difficult></object></annotation>
