<annotation><folder>OXIIIT</folder><filename>British_Shorthair_10.jpg</filename><source><database>OXFORD-IIIT Pet Dataset</database><annotation>OXIIIT</annotation><image>flickr</image></source><size><width>233</width><height>350</height><depth>3</depth></size><segmented>0</segmented><object><name>cat</name><pose>Frontal</pose><truncated>0</truncated><occluded>0</occluded><bndbox><xmin>83</xmin><ymin>29</ymin><xmax>197</xmax><ymax>142</ymax></bndbox><difficult>0</difficult></object></annotation>
