<annotation><folder>OXIIIT</folder><filename>British_Shorthair_188.jpg</filename><source><database>OXFORD-IIIT Pet Dataset</database><annotation>OXIIIT</annotation><image>flickr</image></source><size><width>335</width><height>500</height><depth>3</depth></size><segmented>0</segmented><object><name>cat</name><pose>Frontal</pose><truncated>0</truncated><occluded>0</occluded><bndbox><xmin>98</xmin><ymin>29</ymin><xmax>318</xmax><ymax>251</ymax></bndbox><difficult>0</difficult></object></annotation>
