<annotation><folder>OXIIIT</folder><filename>english_cocker_spaniel_168.jpg</filename><source><database>OXFORD-IIIT Pet Dataset</database><annotation>OXIIIT</annotation><image>flickr</image></source><size><width>500</width><height>375</height><depth>3</depth></size><segmented>0</segmented><object><name>dog</name><pose>Frontal</pose><truncated>0</truncated><occluded>0</occluded><bndbox><xmin>170</xmin><ymin>180</ymin><xmax>280</xmax><ymax>291</ymax></bndbox><difficult>0</difficult></object></annotation>
