<annotation><folder>OXIIIT</folder><filename>english_cocker_spaniel_183.jpg</filename><source><database>OXFORD-IIIT Pet Dataset</database><annotation>OXIIIT</annotation><image>flickr</image></source><size><width>373</width><height>451</height><depth>3</depth></size><segmented>0</segmented><object><name>dog</name><pose>Frontal</pose><truncated>0</truncated><occluded>0</occluded><bndbox><xmin>18</xmin><ymin>30</ymin><xmax>323</xmax><ymax>338</ymax></bndbox><difficult>0</difficult></object></annotation>
