<annotation><folder>OXIIIT</folder><filename>english_cocker_spaniel_140.jpg</filename><source><database>OXFORD-IIIT Pet Dataset</database><annotation>OXIIIT</annotation><image>flickr</image></source><size><width>401</width><height>500</height><depth>3</depth></size><segmented>0</segmented><object><name>dog</name><pose>Frontal</pose><truncated>0</truncated><occluded>0</occluded><bndbox><xmin>68</xmin><ymin>51</ymin><xmax>367</xmax><ymax>367</ymax></bndbox><difficult>0</difficult></object></annotation>
