<annotation><folder>OXIIIT</folder><filename>english_cocker_spaniel_12.jpg</filename><source><database>OXFORD-IIIT Pet Dataset</database><annotation>OXIIIT</annotation><image>flickr</image></source><size><width>500</width><height>333</height><depth>3</depth></size><segmented>0</segmented><object><name>dog</name><pose>Frontal</pose><truncated>0</truncated><occluded>0</occluded><bndbox><xmin>98</xmin><ymin>49</ymin><xmax>345</xmax><ymax>286</ymax></bndbox><difficult>0</difficult></object></annotation>
