<annotation><folder>OXIIIT</folder><filename>english_cocker_spaniel_157.jpg</filename><source><database>OXFORD-IIIT Pet Dataset</database><annotation>OXIIIT</annotation><image>flickr</image></source><size><width>500</width><height>485</height><depth>3</depth></size><segmented>0</segmented><object><name>dog</name><pose>Frontal</pose><truncated>0</truncated><occluded>0</occluded><bndbox><xmin>142</xmin><ymin>37</ymin><xmax>339</xmax><ymax>211</ymax></bndbox><difficult>0</difficult></object></annotation>
