<annotation><folder>OXIIIT</folder><filename>english_cocker_spaniel_181.jpg</filename><source><database>OXFORD-IIIT Pet Dataset</database><annotation>OXIIIT</annotation><image>flickr</image></source><size><width>362</width><height>500</height><depth>3</depth></size><segmented>0</segmented><object><name>dog</name><pose>Frontal</pose><truncated>0</truncated><occluded>0</occluded><bndbox><xmin>19</xmin><ymin>97</ymin><xmax>333</xmax><ymax>306</ymax></bndbox><difficult>0</difficult></object></annotation>
