<annotation><folder>OXIIIT</folder><filename>english_cocker_spaniel_13.jpg</filename><source><database>OXFORD-IIIT Pet Dataset</database><annotation>OXIIIT</annotation><image>flickr</image></source><size><width>333</width><height>500</height><depth>3</depth></size><segmented>0</segmented><object><name>dog</name><pose>Frontal</pose><truncated>0</truncated><occluded>0</occluded><bndbox><xmin>1</xmin><ymin>52</ymin><xmax>331</xmax><ymax>349</ymax></bndbox><difficult>0</difficult></object></annotation>
