<annotation><folder>OXIIIT</folder><filename>english_cocker_spaniel_182.jpg</filename><source><database>OXFORD-IIIT Pet Dataset</database><annotation>OXIIIT</annotation><image>flickr</image></source><size><width>500</width><height>443</height><depth>3</depth></size><segmented>0</segmented><object><name>dog</name><pose>Frontal</pose><truncated>0</truncated><occluded>0</occluded><bndbox><xmin>210</xmin><ymin>51</ymin><xmax>379</xmax><ymax>170</ymax></bndbox><difficult>0</difficult></object></annotation>
