<annotation><folder>OXIIIT</folder><filename>german_shorthaired_123.jpg</filename><source><database>OXFORD-IIIT Pet Dataset</database><annotation>OXIIIT</annotation><image>flickr</image></source><size><width>375</width><height>500</height><depth>3</depth></size><segmented>0</segmented><object><name>dog</name><pose>Frontal</pose><truncated>0</truncated><occluded>0</occluded><bndbox><xmin>172</xmin><ymin>23</ymin><xmax>277</xmax><ymax>105</ymax></bndbox><difficult>0</difficult></object></annotation>
