<annotation><folder>OXIIIT</folder><filename>german_shorthaired_124.jpg</filename><source><database>OXFORD-IIIT Pet Dataset</database><annotation>OXIIIT</annotation><image>flickr</image></source><size><width>375</width><height>500</height><depth>3</depth></size><segmented>0</segmented><object><name>dog</name><pose>Frontal</pose><truncated>0</truncated><occluded>0</occluded><bndbox><xmin>36</xmin><ymin>34</ymin><xmax>341</xmax><ymax>255</ymax></bndbox><difficult>0</difficult></object></annotation>
