<annotation><folder>OXIIIT</folder><filename>german_shorthaired_133.jpg</filename><source><database>OXFORD-IIIT Pet Dataset</database><annotation>OXIIIT</annotation><image>flickr</image></source><size><width>500</width><height>333</height><depth>3</depth></size><segmented>0</segmented><object><name>dog</name><pose>Frontal</pose><truncated>0</truncated><occluded>0</occluded><bndbox><xmin>105</xmin><ymin>71</ymin><xmax>319</xmax><ymax>268</ymax></bndbox><difficult>0</difficult></object></annotation>
