<annotation><folder>OXIIIT</folder><filename>miniature_pinscher_162.jpg</filename><source><database>OXFORD-IIIT Pet Dataset</database><annotation>OXIIIT</annotation><image>flickr</image></source><size><width>300</width><height>255</height><depth>3</depth></size><segmented>0</segmented><object><name>dog</name><pose>Frontal</pose><truncated>0</truncated><occluded>0</occluded><bndbox><xmin>117</xmin><ymin>6</ymin><xmax>260</xmax><ymax>151</ymax></bndbox><difficult>0</difficult></object></annotation>
