<annotation><folder>OXIIIT</folder><filename>miniature_pinscher_176.jpg</filename><source><database>OXFORD-IIIT Pet Dataset</database><annotation>OXIIIT</annotation><image>flickr</image></source><size><width>277</width><height>200</height><depth>3</depth></size><segmented>0</segmented><object><name>dog</name><pose>Frontal</pose><truncated>0</truncated><occluded>0</occluded><bndbox><xmin>159</xmin><ymin>7</ymin><xmax>252</xmax><ymax>108</ymax></bndbox><difficult>0</difficult></object></annotation>
