<annotation><folder>OXIIIT</folder><filename>miniature_pinscher_160.jpg</filename><source><database>OXFORD-IIIT Pet Dataset</database><annotation>OXIIIT</annotation><image>flickr</image></source><size><width>300</width><height>225</height><depth>3</depth></size><segmented>0</segmented><object><name>dog</name><pose>Frontal</pose><truncated>0</truncated><occluded>0</occluded><bndbox><xmin>65</xmin><ymin>20</ymin><xmax>218</xmax><ymax>129</ymax></bndbox><difficult>0</difficult></object></annotation>
