<annotation><folder>OXIIIT</folder><filename>miniature_pinscher_148.jpg</filename><source><database>OXFORD-IIIT Pet Dataset</database><annotation>OXIIIT</annotation><image>flickr</image></source><size><width>300</width><height>225</height><depth>3</depth></size><segmented>0</segmented><object><name>dog</name><pose>Frontal</pose><truncated>0</truncated><occluded>0</occluded><bndbox><xmin>104</xmin><ymin>60</ymin><xmax>191</xmax><ymax>130</ymax></bndbox><difficult>0</difficult></object></annotation>
