<annotation><folder>OXIIIT</folder><filename>miniature_pinscher_177.jpg</filename><source><database>OXFORD-IIIT Pet Dataset</database><annotation>OXIIIT</annotation><image>flickr</image></source><size><width>184</width><height>300</height><depth>3</depth></size><segmented>0</segmented><object><name>dog</name><pose>Frontal</pose><truncated>0</truncated><occluded>0</occluded><bndbox><xmin>24</xmin><ymin>16</ymin><xmax>167</xmax><ymax>162</ymax></bndbox><difficult>0</difficult></object></annotation>
