<annotation><folder>OXIIIT</folder><filename>miniature_pinscher_149.jpg</filename><source><database>OXFORD-IIIT Pet Dataset</database><annotation>OXIIIT</annotation><image>flickr</image></source><size><width>300</width><height>225</height><depth>3</depth></size><segmented>0</segmented><object><name>dog</name><pose>Frontal</pose><truncated>0</truncated><occluded>0</occluded><bndbox><xmin>178</xmin><ymin>42</ymin><xmax>248</xmax><ymax>109</ymax></bndbox><difficult>0</difficult></object></annotation>
