<annotation><folder>OXIIIT</folder><filename>scottish_terrier_132.jpg</filename><source><database>OXFORD-IIIT Pet Dataset</database><annotation>OXIIIT</annotation><image>flickr</image></source><size><width>500</width><height>375</height><depth>3</depth></size><segmented>0</segmented><object><name>dog</name><pose>Frontal</pose><truncated>0</truncated><occluded>0</occluded><bndbox><xmin>111</xmin><ymin>14</ymin><xmax>275</xmax><ymax>254</ymax></bndbox><difficult>0</difficult></object></annotation>
