<annotation><folder>OXIIIT</folder><filename>scottish_terrier_120.jpg</filename><source><database>OXFORD-IIIT Pet Dataset</database><annotation>OXIIIT</annotation><image>flickr</image></source><size><width>416</width><height>500</height><depth>3</depth></size><segmented>0</segmented><object><name>dog</name><pose>Frontal</pose><truncated>0</truncated><occluded>0</occluded><bndbox><xmin>162</xmin><ymin>40</ymin><xmax>387</xmax><ymax>305</ymax></bndbox><difficult>0</difficult></object></annotation>
