<annotation><folder>OXIIIT</folder><filename>scottish_terrier_131.jpg</filename><source><database>OXFORD-IIIT Pet Dataset</database><annotation>OXIIIT</annotation><image>flickr</image></source><size><width>358</width><height>500</height><depth>3</depth></size><segmented>0</segmented><object><name>dog</name><pose>Frontal</pose><truncated>0</truncated><occluded>0</occluded><bndbox><xmin>50</xmin><ymin>48</ymin><xmax>228</xmax><ymax>265</ymax></bndbox><difficult>0</difficult></object></annotation>
