<annotation><folder>OXIIIT</folder><filename>scottish_terrier_133.jpg</filename><source><database>OXFORD-IIIT Pet Dataset</database><annotation>OXIIIT</annotation><image>flickr</image></source><size><width>500</width><height>358</height><depth>3</depth></size><segmented>0</segmented><object><name>dog</name><pose>Frontal</pose><truncated>0</truncated><occluded>0</occluded><bndbox><xmin>124</xmin><ymin>12</ymin><xmax>261</xmax><ymax>188</ymax></bndbox><difficult>0</difficult></object></annotation>
