<annotation><folder>OXIIIT</folder><filename>staffordshire_bull_terrier_106.jpg</filename><source><database>OXFORD-IIIT Pet Dataset</database><annotation>OXIIIT</annotation><image>flickr</image></source><size><width>333</width><height>500</height><depth>3</depth></size><segmented>0</segmented><object><name>dog</name><pose>Frontal</pose><truncated>0</truncated><occluded>0</occluded><bndbox><xmin>116</xmin><ymin>95</ymin><xmax>221</xmax><ymax>201</ymax></bndbox><difficult>0</difficult></object></annotation>
