<annotation><folder>OXIIIT</folder><filename>staffordshire_bull_terrier_12.jpg</filename><source><database>OXFORD-IIIT Pet Dataset</database><annotation>OXIIIT</annotation><image>flickr</image></source><size><width>350</width><height>500</height><depth>3</depth></size><segmented>0</segmented><object><name>dog</name><pose>Frontal</pose><truncated>0</truncated><occluded>0</occluded><bndbox><xmin>101</xmin><ymin>77</ymin><xmax>209</xmax><ymax>310</ymax></bndbox><difficult>0</difficult></object></annotation>
