<annotation><folder>OXIIIT</folder><filename>staffordshire_bull_terrier_13.jpg</filename><source><database>OXFORD-IIIT Pet Dataset</database><annotation>OXIIIT</annotation><image>flickr</image></source><size><width>500</width><height>352</height><depth>3</depth></size><segmented>0</segmented><object><name>dog</name><pose>Frontal</pose><truncated>0</truncated><occluded>0</occluded><bndbox><xmin>92</xmin><ymin>87</ymin><xmax>191</xmax><ymax>178</ymax></bndbox><difficult>0</difficult></object></annotation>
