<annotation><folder>OXIIIT</folder><filename>staffordshire_bull_terrier_10.jpg</filename><source><database>OXFORD-IIIT Pet Dataset</database><annotation>OXIIIT</annotation><image>flickr</image></source><size><width>500</width><height>375</height><depth>3</depth></size><segmented>0</segmented><object><name>dog</name><pose>Frontal</pose><truncated>0</truncated><occluded>0</occluded><bndbox><xmin>90</xmin><ymin>28</ymin><xmax>321</xmax><ymax>302</ymax></bndbox><difficult>0</difficult></object></annotation>
