<annotation><folder>OXIIIT</folder><filename>staffordshire_bull_terrier_110.jpg</filename><source><database>OXFORD-IIIT Pet Dataset</database><annotation>OXIIIT</annotation><image>flickr</image></source><size><width>500</width><height>334</height><depth>3</depth></size><segmented>0</segmented><object><name>dog</name><pose>Frontal</pose><truncated>0</truncated><occluded>0</occluded><bndbox><xmin>87</xmin><ymin>57</ymin><xmax>316</xmax><ymax>256</ymax></bndbox><difficult>0</difficult></object></annotation>
