<annotation><folder>OXIIIT</folder><filename>wheaten_terrier_136.jpg</filename><source><database>OXFORD-IIIT Pet Dataset</database><annotation>OXIIIT</annotation><image>flickr</image></source><size><width>500</width><height>375</height><depth>3</depth></size><segmented>0</segmented><object><name>dog</name><pose>Frontal</pose><truncated>0</truncated><occluded>0</occluded><bndbox><xmin>129</xmin><ymin>62</ymin><xmax>248</xmax><ymax>160</ymax></bndbox><difficult>0</difficult></object></annotation>
