<annotation><folder>OXIIIT</folder><filename>wheaten_terrier_122.jpg</filename><source><database>OXFORD-IIIT Pet Dataset</database><annotation>OXIIIT</annotation><image>flickr</image></source><size><width>500</width><height>492</height><depth>3</depth></size><segmented>0</segmented><object><name>dog</name><pose>Frontal</pose><truncated>0</truncated><occluded>0</occluded><bndbox><xmin>122</xmin><ymin>86</ymin><xmax>293</xmax><ymax>249</ymax></bndbox><difficult>0</difficult></object></annotation>
