<annotation><folder>OXIIIT</folder><filename>wheaten_terrier_134.jpg</filename><source><database>OXFORD-IIIT Pet Dataset</database><annotation>OXIIIT</annotation><image>flickr</image></source><size><width>500</width><height>375</height><depth>3</depth></size><segmented>0</segmented><object><name>dog</name><pose>Frontal</pose><truncated>0</truncated><occluded>0</occluded><bndbox><xmin>131</xmin><ymin>20</ymin><xmax>356</xmax><ymax>247</ymax></bndbox><difficult>0</difficult></object></annotation>
