<annotation><folder>OXIIIT</folder><filename>wheaten_terrier_120.jpg</filename><source><database>OXFORD-IIIT Pet Dataset</database><annotation>OXIIIT</annotation><image>flickr</image></source><size><width>432</width><height>348</height><depth>3</depth></size><segmented>0</segmented><object><name>dog</name><pose>Frontal</pose><truncated>0</truncated><occluded>0</occluded><bndbox><xmin>181</xmin><ymin>41</ymin><xmax>335</xmax><ymax>185</ymax></bndbox><difficult>0</difficult></object></annotation>
