<annotation><folder>OXIIIT</folder><filename>yorkshire_terrier_103.jpg</filename><source><database>OXFORD-IIIT Pet Dataset</database><annotation>OXIIIT</annotation><image>flickr</image></source><size><width>326</width><height>500</height><depth>3</depth></size><segmented>0</segmented><object><name>dog</name><pose>Frontal</pose><truncated>0</truncated><occluded>0</occluded><bndbox><xmin>142</xmin><ymin>181</ymin><xmax>284</xmax><ymax>298</ymax></bndbox><difficult>0</difficult></object></annotation>
