<annotation><folder>OXIIIT</folder><filename>yorkshire_terrier_102.jpg</filename><source><database>OXFORD-IIIT Pet Dataset</database><annotation>OXIIIT</annotation><image>flickr</image></source><size><width>385</width><height>500</height><depth>3</depth></size><segmented>0</segmented><object><name>dog</name><pose>Frontal</pose><truncated>0</truncated><occluded>0</occluded><bndbox><xmin>109</xmin><ymin>51</ymin><xmax>272</xmax><ymax>181</ymax></bndbox><difficult>0</difficult></object></annotation>
