<annotation><folder>OXIIIT</folder><filename>yorkshire_terrier_116.jpg</filename><source><database>OXFORD-IIIT Pet Dataset</database><annotation>OXIIIT</annotation><image>flickr</image></source><size><width>300</width><height>247</height><depth>3</depth></size><segmented>0</segmented><object><name>dog</name><pose>Frontal</pose><truncated>0</truncated><occluded>0</occluded><bndbox><xmin>50</xmin><ymin>1</ymin><xmax>232</xmax><ymax>154</ymax></bndbox><difficult>0</difficult></object></annotation>
