<annotation><folder>OXIIIT</folder><filename>yorkshire_terrier_115.jpg</filename><source><database>OXFORD-IIIT Pet Dataset</database><annotation>OXIIIT</annotation><image>flickr</image></source><size><width>225</width><height>300</height><depth>3</depth></size><segmented>0</segmented><object><name>dog</name><pose>Frontal</pose><truncated>0</truncated><occluded>0</occluded><bndbox><xmin>31</xmin><ymin>19</ymin><xmax>182</xmax><ymax>172</ymax></bndbox><difficult>0</difficult></object></annotation>
